Fecha;Email;Descripción
2025-02-02;justin60@gmail.com;Sería genial si pudieran ofrecer un servicio de atención al cliente 24/7. Mejoraría mucho la experiencia del usuario.
2025-01-23;rroberts@thomas.info;Sería genial si pudieran ofrecer un servicio de atención al cliente 24/7. Mejoraría mucho la experiencia del usuario.
2025-01-13;cbryant@yahoo.com;Sería genial si pudieran ofrecer un servicio de atención al cliente 24/7. Mejoraría mucho la experiencia del usuario.
2025-01-08;angelaharmon@gmail.com;Me gustaría contratar un paquete adicional de datos móviles. ¿Podrían proporcionarme las opciones disponibles?
2025-02-06;william17@wright.net;Me gustaría contratar un paquete adicional de datos móviles. ¿Podrían proporcionarme las opciones disponibles?
2025-01-18;jennahancock@gmail.com;Me gustaría contratar un paquete adicional de datos móviles. ¿Podrían proporcionarme las opciones disponibles?
2025-02-06;jacobsamanda@gmail.com;Desde hace días experimento problemas con mi conexión a Internet, es inaceptable. Necesito una solución urgente.
2025-01-16;brendan13@martinez.org;Sería genial si pudieran ofrecer un servicio de atención al cliente 24/7. Mejoraría mucho la experiencia del usuario.
2025-01-15;kellystewart@barber.com;Sería genial si pudieran ofrecer un servicio de atención al cliente 24/7. Mejoraría mucho la experiencia del usuario.
2025-01-15;jennifer56@reyes.com;Desde hace días experimento problemas con mi conexión a Internet, es inaceptable. Necesito una solución urgente.
2025-01-24;jessica07@martin.com;Desde hace días experimento problemas con mi conexión a Internet, es inaceptable. Necesito una solución urgente.
2025-01-02;vickie04@yahoo.com;Me gustaría contratar un paquete adicional de datos móviles. ¿Podrían proporcionarme las opciones disponibles?
2025-01-09;brandtkelly@phillips.com;Desde hace días experimento problemas con mi conexión a Internet, es inaceptable. Necesito una solución urgente.
2025-01-11;valeriejohnson@gmail.com;Me gustaría contratar un paquete adicional de datos móviles. ¿Podrían proporcionarme las opciones disponibles?
2025-01-28;rbrooks@cole.com;Sería genial si pudieran ofrecer un servicio de atención al cliente 24/7. Mejoraría mucho la experiencia del usuario.
2025-01-25;hmcmahon@gmail.com;Desde hace días experimento problemas con mi conexión a Internet, es inaceptable. Necesito una solución urgente.
2025-01-22;kconrad@morgan-martinez.com;Me gustaría contratar un paquete adicional de datos móviles. ¿Podrían proporcionarme las opciones disponibles?
2025-01-17;matthewcarson@yahoo.com;Me gustaría contratar un paquete adicional de datos móviles. ¿Podrían proporcionarme las opciones disponibles?
2025-01-09;ryoung@hart.org;Me gustaría contratar un paquete adicional de datos móviles. ¿Podrían proporcionarme las opciones disponibles?
2025-01-16;arodriguez@garcia.com;Desde hace días experimento problemas con mi conexión a Internet, es inaceptable. Necesito una solución urgente.
2025-01-08;kimberlyclark@yahoo.com;Sería genial si pudieran ofrecer un servicio de atención al cliente 24/7. Mejoraría mucho la experiencia del usuario.
2025-01-20;dixonjason@santos-anderson.org;Me gustaría contratar un paquete adicional de datos móviles. ¿Podrían proporcionarme las opciones disponibles?
2025-01-13;pfarmer@carter.com;Me gustaría contratar un paquete adicional de datos móviles. ¿Podrían proporcionarme las opciones disponibles?
2025-02-07;tmason@keller-wilson.com;Sería genial si pudieran ofrecer un servicio de atención al cliente 24/7. Mejoraría mucho la experiencia del usuario.
2025-01-02;chernandez@patel.com;Me gustaría contratar un paquete adicional de datos móviles. ¿Podrían proporcionarme las opciones disponibles?
2025-01-29;jdiaz@gmail.com;Me gustaría contratar un paquete adicional de datos móviles. ¿Podrían proporcionarme las opciones disponibles?
2025-02-12;kathleenrichardson@johnston.org;Desde hace días experimento problemas con mi conexión a Internet, es inaceptable. Necesito una solución urgente.
2025-02-04;tonygomez@yahoo.com;Me gustaría contratar un paquete adicional de datos móviles. ¿Podrían proporcionarme las opciones disponibles?
2025-01-02;nlane@lutz-smith.com;Sería genial si pudieran ofrecer un servicio de atención al cliente 24/7. Mejoraría mucho la experiencia del usuario.
2025-01-15;jamie66@montgomery.biz;Sería genial si pudieran ofrecer un servicio de atención al cliente 24/7. Mejoraría mucho la experiencia del usuario.
2025-01-13;charlottewhite@norris.net;Me gustaría contratar un paquete adicional de datos móviles. ¿Podrían proporcionarme las opciones disponibles?
2025-01-14;marshmichael@sanchez.com;Desde hace días experimento problemas con mi conexión a Internet, es inaceptable. Necesito una solución urgente.
2025-01-24;tevans@yahoo.com;Sería genial si pudieran ofrecer un servicio de atención al cliente 24/7. Mejoraría mucho la experiencia del usuario.
2025-01-09;april07@rogers.com;Desde hace días experimento problemas con mi conexión a Internet, es inaceptable. Necesito una solución urgente.
2025-01-25;rmyers@gmail.com;Desde hace días experimento problemas con mi conexión a Internet, es inaceptable. Necesito una solución urgente.
2025-01-31;breanna40@gmail.com;Me gustaría contratar un paquete adicional de datos móviles. ¿Podrían proporcionarme las opciones disponibles?
2025-01-10;bakerzoe@parker-kim.com;Me gustaría contratar un paquete adicional de datos móviles. ¿Podrían proporcionarme las opciones disponibles?
2025-01-29;danielatkinson@mcbride.info;Me gustaría contratar un paquete adicional de datos móviles. ¿Podrían proporcionarme las opciones disponibles?
2025-02-08;april94@cox.info;Desde hace días experimento problemas con mi conexión a Internet, es inaceptable. Necesito una solución urgente.
2025-02-03;joshuafrye@jones-may.com;Desde hace días experimento problemas con mi conexión a Internet, es inaceptable. Necesito una solución urgente.
2025-01-05;eduardobailey@le.info;Desde hace días experimento problemas con mi conexión a Internet, es inaceptable. Necesito una solución urgente.
2025-01-09;kayleejohnson@tran-duncan.com;Me gustaría contratar un paquete adicional de datos móviles. ¿Podrían proporcionarme las opciones disponibles?
2025-01-26;richard11@hotmail.com;Desde hace días experimento problemas con mi conexión a Internet, es inaceptable. Necesito una solución urgente.
2025-01-27;bryantveronica@gmail.com;Me gustaría contratar un paquete adicional de datos móviles. ¿Podrían proporcionarme las opciones disponibles?
2025-01-15;qporter@russell.net;Desde hace días experimento problemas con mi conexión a Internet, es inaceptable. Necesito una solución urgente.
2025-01-26;jessicasmith@price.com;Sería genial si pudieran ofrecer un servicio de atención al cliente 24/7. Mejoraría mucho la experiencia del usuario.
2025-01-13;gail44@delgado.org;Desde hace días experimento problemas con mi conexión a Internet, es inaceptable. Necesito una solución urgente.
2025-01-17;wbarnes@gmail.com;Desde hace días experimento problemas con mi conexión a Internet, es inaceptable. Necesito una solución urgente.
2025-02-12;xfisher@hotmail.com;Me gustaría contratar un paquete adicional de datos móviles. ¿Podrían proporcionarme las opciones disponibles?
2025-01-03;ehoward@cruz-johnston.com;Desde hace días experimento problemas con mi conexión a Internet, es inaceptable. Necesito una solución urgente.